NHL Reference,NHL DK
A.J. Greer,Shea Weber
Aaron Dell,Alexander Nylander
Aaron Ekblad,Alex Killorn
Aaron Ness,Adam Cracknell
Adam Boqvist,Adam Lowry
Adam Clendening,Blake Comeau
Adam Cracknell,Tomas Nosek
Adam Erne,Michael Grabner
Adam Fox,Mikko Koivu
Adam Gaudette,Andreas Johnsson
Adam Henrique,Brett Seney
Adam Johnson,Darcy Kuemper
Adam Larsson,C.J. Smith
Adam Lowry,Casey Cizikas
Adam McQuaid,Martin Fehervary
Adam Pelech,Kevin Roy
Adin Hill,Darren Helm
Adrian Kempe,Anton Khudobin
Alan Quine,Kenny Agostino
Alec Martinez,Kevin Gravel
Aleksander Barkov C,Christian Wolanin
Alex Biega,Oscar Klefbom
Alex Chiasson,Cale Fleury
Alex DeBrincat,Luke Kunin
Alex Formenton,Justin Falk
Alex Galchenyuk,Chris Kreider
Alex Goligoski,Mikko Koskinen
Alex Iafallo,Michael Bunting
Alex Killorn,Jonathan Toews
Alex Lyon,Kris Russell
Alex Nedeljkovic,Jaden Schwartz
Alex Ovechkin C,Dominik Kahun
Alex Pietrangelo C,Justin Braun
Alex Stalock,Nick Seeler
Alex Steen,Matt Hunwick
Alex Tuch,Jack Rodewald
Alexandar Georgiev,Kevin Boyle
Alexander Edler,Adam McQuaid
Alexander Kerfoot,Marc Methot
Alexander Nylander,Brandon Tanev
Alexander Petrovic,Dmytro Timashov
Alexander Radulov,Joakim Nordstrom
Alexander Wennberg,Anton Stralman
Alexandre Fortin,Michael Sgarbossa
Alexandre Texier,Mikka Salomaki
Anders Bjork,Dylan Gambrell
Anders Lee C,Michael Rasmussen
Anders Nilsson,Laurent Dauphin
Andre Burakovsky,Cory Schneider
Andreas Athanasiou,James Neal
Andreas Englund,Kaapo Kakko
Andreas Johnsson,Chris Driedger
Andreas Martinsen,Matt Tennyson
Andrei Svechnikov,Max Lajoie
Andrei Vasilevskiy,Sam Reinhart
Andrej Sekera,Alex Pietrangelo
Andrej Sustr,Ryan NugentHopkins
Andrew Agozzino,Matt Bartkowski
Andrew Cogliano,Ondrej Kase
Andrew Copp,Juuso Valimaki
Andrew Ladd,Alex Ovechkin
Andrew MacDonald,Filip Chytil
Andrew Mangiapane,Anton Lindholm
Andrew Peeke,Andy Greene
Andrew Shaw,Sam Steel
Andy Greene C,Kevin Fiala
Andy Welinski,Brett Pesce
Anthony Beauvillier,Brendan Lemieux
Anthony Bitetto,Calle Jarnkrok
Anthony Cirelli,Oscar Lindberg
Anthony DeAngelo,Hampus Lindholm
Anthony Duclair,Austin Wagner
Anthony Greco,Martin Necas
Anthony Mantha,Caleb Jones
Anthony Peluso,Alex Stalock
Anthony Richard,Noah Juulsen
Anthony Stolarz,Eric Staal
Antoine Roussel,Kyle Capobianco
Anton Blidh,Connor Bunnaman
Anton Khudobin,Radim Simek
Anton Lindholm,Jesperi Kotkaniemi
Anton Stralman,Jack Johnson
Antti Niemi,Bryan Little
Antti Raanta,Vitaly Abramov
Antti Suomela,Ryan Getzlaf
Anze Kopitar C,Josh Archibald
Artem Anisimov,Bogdan Kiselevich
Artemi Panarin,Brayden Point
Artturi Lehkonen,Troy Terry
Ashton Sautner,Curtis McElhinney
Austin Czarnik,Ville Heinola
Austin Wagner,Greg Pateryn
Austin Watson,Shayne Gostisbehere
Auston Matthews,Tyler Toffoli
Barclay Goodrow,Brett Howden
Barrett Hayton,Jordan Nolan
Ben Bishop,Mikkel Boedker
Ben Chiarot,Riley Barber
Ben Gleason,Garnet Hathaway
Ben Harpur,Jacob De La Rose
Ben Hutton,Peter Cehlarik
Ben Lovejoy,Evgeny Kuznetsov
Ben Street,Oliver Kylington
Blake Coleman,Ashton Sautner
Blake Comeau,Ryan Murray
Blake Lizotte,Craig Anderson
Blake Pietila,Jaycob Megna
Blake Wheeler C,Corban Knight
Bo Horvat,Juuse Saros
Bo Horvat C,Andrej Sustr
Bobby Ryan,Ryan McDonagh
Bogdan Kiselevich,Madison Bowey
Boo Nieves,Anthony Stolarz
Boone Jenner,Connor McDavid
Brad Hunt,Torey Krug
Brad Malone,Drake Caggiula
Brad Marchand,Max Pacioretty
Brad Richardson,John Moore
Braden Holtby,Ondrej Palat
Brady Keeper,Gabriel Bourque
Brady Skjei,Magnus Paajarvi
Brady Tkachuk,Brock Nelson
Brandon Carlo,Steven Kampfer
Brandon Davidson,Jack Campbell
Brandon Dubinsky,Austin Czarnik
Brandon Gignac,Antti Niemi
Brandon Manning,Connor Brown
Brandon Montour,Zemgus Girgensons
Brandon Pirri,Paul Byron
Brandon Saad,Marcus Sorensen
Brandon Sutter,Mark Letestu
Brandon Tanev,Matt Read
Brayden McNabb,Brian Lashoff
Brayden Point,Tyler Myers
Brayden Schenn,Richard Panik
Braydon Coburn,J.T. Miller
Brendan Gallagher,Lucas Wallmark
Brendan Gaunce,Adam Boqvist
Brendan Guhle,Brooks Orpik
Brendan Leipsic,Alexandre Fortin
Brendan Lemieux,Ethan Bear
Brendan Perlini,Matt Roy
Brendan Smith,Brandon Sutter
Brenden Dillon,Teuvo Teravainen
Brennan Menell,Mitchell Marner
Brent Burns,Carl Gunnarsson
Brent Seabrook,Patric Hornqvist
Brett Connolly,Charles Hudon
Brett Howden,Zach Parise
Brett Kulak,Charlie Coyle
Brett Pesce,Kevin Labanc
Brett Ritchie,Trevor Van Riemsdyk
Brett Seney,Kevan Miller
Brian Boyle,Brandon Dubinsky
Brian Dumoulin,Trent Frederic
Brian Elliott,Ryan Kuffner
Brian Gibbons,Travis Zajac
Brian Lashoff,Nick Jensen
Brock Boeser,Tyler Bertuzzi
Brock McGinn,Brendan Gallagher
Brock Nelson,Mathew Barzal
Brogan Rafferty,Evan Rodrigues
Brooks Orpik,Keith Kinkaid
Bryan Little,Bobby Ryan
Bryan Rust,Nathan Beaulieu
C.J. Smith,Michal Neuvirth
Cal Clutterbuck,J.T. Brown
Cale Fleury,Andreas Athanasiou
Cale Makar,James Reimer
Caleb Jones,Connor Hellebuyck
Calle Jarnkrok,Ryan Spooner
Calle Rosen,Andrew Shaw
Calvin de Haan,Jake McCabe
Calvin Petersen,Devante SmithPelly
Calvin Pickard,Alex Petrovic
Cam Atkinson,Brandon Carlo
Cam Fowler,Jordan Greenway
Cam Talbot,Dominic Toninato
Cam Ward,Brian Dumoulin
Cameron Gaunce,William Carrier
Cameron Schilling,Marcus Foligno
Carey Price,John Hayden
Carl Dahlstrom,Nic Dowd
Carl Grundstrom,Carter Verhaeghe
Carl Gunnarsson,Jake Bean
Carl Hagelin,Dominik Kubalik
Carl Soderberg,Devon Toews
Carson Soucy,Ryan Reaves
Carter Hart,Aaron Dell
Carter Hutton,Erik Condra
Carter Rowney,Chandler Stephenson
Carter Verhaeghe,Kyle Turris
Casey Cizikas,Joey Anderson
Casey DeSmith,JeanGabriel Pageau
Casey Mittelstadt,Rickard Rakell
Casey Nelson,William Karlsson
Cayden Primeau,Roope Hintz
Cedric Paquette,Max Jones
Chad Johnson,Jamie Oleksiak
Chad Ruhwedel,Jake Dotchin
Chandler Stephenson,Sebastian Aho
Charles Hudon,Boone Jenner
Charlie Coyle,Marcus Kruger
Charlie Lindgren,Tanner Pearson
Charlie McAvoy,Chris Tierney
Chase De Leo,Alex Iafallo
Chris Butler,Calvin de Haan
Chris Driedger,Ryan Ellis
Chris Kreider,Eetu Luostarinen
Chris Kunitz,Zac Rinaldo
Chris Stewart,Jacob Larsson
Chris Tanev,Lias Andersson
Chris Thorburn,Patrik Berglund
Chris Tierney,Tobias Bjornfot
Chris Wagner,Logan Brown
Chris Wideman,Logan OConnor
Christian Djoos,Par Lindholm
Christian Dvorak,Erik Burgdoerfer
Christian Fischer,Richard Bachman
Christian Folin,Timo Meier
Christian Jaros,Anthony Bitetto
Christian Wolanin,Andy Welinski
Christoffer Ehn,Lars Eller
Christopher Gibson,Jakob Silfverberg
Christopher Tanev,Andy Andreoff
Clark Bishop,Devin Shore
Claude Giroux C,Danton Heinen
Clayton Keller,Derek Ryan
Cody Ceci,Andre Burakovsky
Cody Eakin,Filip Forsberg
Cody Glass,Rasmus Dahlin
Cody Goloubef,Jordan Binnington
Cody McLeod,Darnell Nurse
Colby Cave,Steven Stamkos
Colin Blackwell,Erik Karlsson
Colin Miller,Ryan Pulock
Colin White,Jared McCann
Colin Wilson,Nikolaj Ehlers
Collin Delia,Anders Bjork
Colton Parayko,Erik Johnson
Colton Sceviour,David Kampf
Colton Sissons,Carson Soucy
Colton White,Elias Lindholm
Connor Brickley,Oliver Bjorkstrand
Connor Brown,Tom Kuhnhackl
Connor Carrick,Cameron Gaunce
Connor Clifton,Tyler Seguin
Connor Hellebuyck,Justin Abdelkader
Connor McDavid C,Nick Shore
Connor Murphy,Luke Glendening
Conor Garland,Libor Hajek
Conor Sheary,Sven Andrighetto
Cooper Marody,Kiefer Sherwood
Corban Knight,Peter Budaj
Corey Crawford,Evgenii Dadonov
Corey Perry,Brad Hunt
Cory Conacher,Trevor Daley
Cory Schneider,Adam Henrique
Craig Anderson,Zach Hyman
Craig Smith,Rasmus Asplund
Curtis Lazar,Luca Sbisa
Curtis McElhinney,Joona Luoto
Dakota Mermis,Kalle Kossila
Dale Weise,Nathan Walker
Dalton Prout,Erik Gudbranson
Damon Severson,Slater Koekkoek
Dan Girardi,Malcom Subban
Dan Hamhuis,Sami Niku
Danick Martel,T.J. Tynan
Daniel Brickley,Anthony Deangelo
Daniel Carr,Philippe Myers
Daniel ORegan,Derek Forbort
Daniel Sprong,Collin Delia
Danny DeKeyser,Scott Wilson
Dante Fabbro,Christian Fischer
Danton Heinen,Frans Nielsen
Darcy Kuemper,Guillaume Brisebois
Darnell Nurse,Josh Manson
Darren Archibald,Jonathan Quick
Darren Helm,Patrick Marleau
David Backes,Casey Nelson
David Gustafsson,Daniel Carr
David Kampf,Alex Nedeljkovic
David Kase,Ryan Murphy
David Krejci,Rasmus Sandin
David Pastrnak,Kurtis Gabriel
David Perron,Joonas Donskoi
David Rittich,Joel Eriksson Ek
David Savard,Nick Bjugstad
David Schlemko,Nick Lappin
Dean Kukan,Vincent Trocheck
Denis Gurianov,Gustav Forsling
Denis Malgin,Pontus Aberg
Dennis Cholowski,Colin Wilson
Dennis Gilbert,Jakub Voracek
Derek Forbort,Dustin Brown
Derek Grant,Justin Faulk
Derek MacKenzie,Jonathan Huberdeau
Derek Ryan,Gabriel Dumont
Derek Stepan,Oscar Fantenberg
Derick Brassard,Edward Pasquale
Derrick Pouliot,Michael McLeod
Deryk Engelland,Sean Couturier
Devan Dubnyk,Adam Gaudette
Devante SmithPelly,Sonny Milano
Devin Shore,Mikhail Sergachev
Devon Toews,J.C. Beaudin
Dillon Dube,Luke Witkowski
Dillon Heatherington,Andrei Vasilevskiy
Dion Phaneuf,Nikita Soshnikov
Dmitrij Jaskin,Dennis Cholowski
Dmitry Kulikov,Joe Hicketts
Dmitry Orlov,Chris Butler
Dmytro Timashov,Christopher Tanev
Dominic Toninato,Robby Fabbri
Dominic Turgeon,Brett Connolly
Dominik Kahun,Connor Carrick
Dominik Kubalik,Daniel Sprong
Dominik Simon,Tyler Ennis
Dougie Hamilton,Nicholas Suzuki
Drake Batherson,Pavel Buchnevich
Drake Caggiula,Jaroslav Halak
Drew Doughty,Danny DeKeyser
Drew Stafford,Juuso Riikola
Dryden Hunt,Mark Stone
Duncan Keith,Pierre Engvall
Dustin Brown,Roman Josi
Dustin Byfuglien,Andrew Cogliano
Dylan DeMelo,Jordan Martinook
Dylan Gambrell,Tristan Jarry
Dylan Larkin,Kevin Shattenkirk
Dylan McIlrath,Mikael Backlund
Dylan Sikura,Mathieu Perreault
Dylan Strome,Brennan Menell
Eddie Pasquale,Brent Burns
Eeli Tolvanen,Jason Demers
Egor Yakovlev,Nick Cousins
Elias Lindholm,Travis Boyd
Elias Pettersson,Derick Brassard
Elvis Merzlikins,Henrik Lundqvist
Emil Bemstrom,Andrew Peeke
Eric Comrie,Paul Carey
Eric Fehr,Ilya Kovalchuk
Eric Gryba,Cam Ward
Eric Robinson,Drake Batherson
Eric Staal,Connor Brickley
Eric Tangradi,Klim Kostin
Erik Brannstrom,Jake Guentzel
Erik Burgdoerfer,Connor Murphy
Erik Cernak,A.J. Greer
Erik Condra,Korbinian Holzer
Erik Gudbranson,John Klingberg
Erik Gustafsson,Erik Brannstrom
Erik Haula,Oskar Sundqvist
Erik Johnson,Nathan Bastian
Erik Karlsson,Kurtis MacDermid
Esa Lindell,T.J. Brodie
Ethan Bear,Samuel Girard
Evan Bouchard,Mark Pysyk
Evan Rodrigues,Jimmy Howard
Evander Kane,Joseph Blandisi
Evgeni Malkin,Carey Price
Evgenii Dadonov,Nazem Kadri
Evgeny Kuznetsov,Nico Hischier
Filip Chlapik,Frank Vatrano
Filip Chytil,Alexander Volkov
Filip Forsberg,Dean Kukan
Filip Hronek,Will Butcher
Filip Zadina,Zach Bogosian
Frank Vatrano,Mike Smith
Frans Nielsen,Garrett Wilson
Frederick Gaudreau,Paul LaDue
Frederik Andersen,Joey Daccord
Frederik Gauthier,Eric Robinson
Fredrik Claesson,Jay Bouwmeester
Gabriel Bourque,David Schlemko
Gabriel Carlsson,Chris Wideman
Gabriel Landeskog C,Brad Malone
Gaetan Haas,Henri Jokiharju
Garnet Hathaway,Gustav Nyquist
Garret Sparks,Sam Gagner
Garrett Wilson,Deryk Engelland
Gavin Bayreuther,Troy Stecher
Gemel Smith,Joakim Ryan
Greg McKegg,Mathew Dumba
Greg Pateryn,Jesper Bratt
Guillaume Brisebois,Vladimir Tarasenko
Gustav Forsling,Alex Goligoski
Gustav Nyquist,Trevor Lewis
Hampus Lindholm,Tyler Graovac
Haydn Fleury,Robin Lehner
Henri Jokiharju,Dalton Prout
Henrik Borgstrxc3xb6m,Joe Morrow
Henrik Lundqvist,Nikolay Goldobin
Hunter Miska,Michael Hutchinson
Ian Cole,Brandon Manning
Ian McCoshen,Remi Elie
Igor Ozhiganov,Colton Sissons
Ilya Kovalchuk,Adam Johnson
Ilya Lyubushkin,Otto Leskinen
Ilya Mikheyev,Cayden Primeau
Ilya Samsonov,Rasmus Ristolainen
Isac Lundestrom,Clayton Keller
Ivan Barbashev,Barrett Hayton
Ivan Provorov,David Savard
J.T. Brown,Kevin Rooney
J.T. Miller,Logan Shaw
Jaccob Slavin,Lee Stempniak
Jack Campbell,Cam Fowler
Jack Eichel C,Connor Clifton
Jack Hughes,John Quenneville
Jack Johnson,Lawrence Pilut
Jack Rodewald,Markus Granlund
Jack Roslovic,Blake Wheeler
Jacob de la Rose,Shea Theodore
Jacob Larsson,Tim Heed
Jacob MacDonald,Alex DeBrincat
Jacob Markstrom,Alexandre Texier
Jacob Middleton,Tim Schaller
Jacob Nilsson,Jake Gardiner
Jacob Trouba,Riley Nash
Jaden Schwartz,Dryden Hunt
Jake Allen,Colby Cave
Jake Bean,Kevin Connauton
Jake Chelios,Gabriel Carlsson
Jake Debrusk,Dustin Byfuglien
Jake Dotchin,Brad Marchand
Jake Gardiner,Paul Stastny
Jake Guentzel,Jason Dickinson
Jake McCabe,Tobias Rieder
Jake Muzzin,Riley Sheahan
Jake Virtanen,Mackenzie Blackwood
Jakob Chychrun,Matt Calvert
Jakob Forsbacka Karlsson,Nicklas Backstrom
Jakob Silfverberg,Travis Hamonic
Jakub Jerabek,Cody Ceci
Jakub Voracek,Jonathan Ericsson
Jakub Vrana,Jeremy Lauzon
Jakub Zboril,Jeff Skinner
James Neal,Ryan Carpenter
James Reimer,Joe Pavelski
James van Riemsdyk,Matt Murray
Jamie Benn C,Rhett Gardner
Jamie McGinn,Kris Letang
Jamie Oleksiak,Dmitry Orlov
Jan Rutta,Trevor Moore
Janne Kuokkanen,Artem Anisimov
Jared McCann,Pavel Zacha
Jared Spurgeon,German Rubtsov
Jaret AndersonDolan,Ian McCoshen
Jaroslav Halak,Sean Walker
Jason Demers,Jonas Brodin
Jason Dickinson,Jordan Schmaltz
Jason Garrison,Patrik Laine
Jason Pominville,Emil Bemstrom
Jason Spezza,Jesper Fast
Jason Zucker,Brandon Davidson
Jay Beagle,Mattias Janmark
Jay Bouwmeester,Blake Coleman
Jayce Hawryluk,Jonathan Drouin
Jaycob Megna,Michael Chaput
JeanGabriel Pageau,Joachim Blichfeld
JeanSebastien Dea,Jordan Staal
Jeff Carter,Dylan McIlrath
Jeff Petry,Sam Bennett
Jeff Skinner,Andrew Ladd
Jeremy Lauzon,Kyle Rau
Jesper Boqvist,Artemi Panarin
Jesper Bratt,Wayne Simmonds
Jesper Fast,Brady Skjei
Jesperi Kotkaniemi,Lawson Crouse
Jesse Puljujarvi,Lean Bergmann
Jimmy Howard,John Gibson
Jimmy Schuldt,Niklas Hjalmarsson
Jimmy Vesey,Jake Muzzin
Joachim Blichfeld,Ron Hainsey
Joakim Nordstrom,Zack MacEwen
Joakim Nygard,Patrick Maroon
Joakim Ryan,Tage Thompson
Joe Hicketts,Mackenzie Weegar
Joe Pavelski,Tomas Jurco
Joe Pavelski C,Nate Thompson
Joe Thornton,Reilly Smith
Joel Armia,Marcus Johansson
Joel Edmundson,Filip Hronek
Joel Eriksson Ek,Sven Baertschi
Joel Farabee,Beck Malenstyn
Joel Hanley,Frederik Andersen
Joel LEsperance,Claude Giroux
Joey Anderson,Leon Draisaitl
Joey Daccord,Barclay Goodrow
Johan Larsson,Kasperi Kapanen
John Carlson,Nick Bonino
John Gibson,Jan Rutta
John Gilmour,Steve Santini
John Hayden,Tom Pyatt
John Klingberg,Trevor Carrick
John Marino,Tomas Tatar
John Moore,Carter Rowney
John Quenneville,Denis Gurianov
John Tavares,Ben Hutton
John Tavares C,Nick Holden
Johnny Boychuk,Kailer Yamamoto
Johnny Gaudreau,Martin Hanzal
Jon Marchessault,David Pastrnak
Jon Merrill,Karson Kuhlman
Jonas Brodin,Travis Konecny
Jonas Siegenthaler,Thomas Chabot
Jonathan Bernier,Brenden Dillon
Jonathan Davidsson,Janne Kuokkanen
Jonathan Drouin,Matt Nieto
Jonathan Ericsson,William Nylander
Jonathan Huberdeau,Mattias Ekholm
Jonathan Marchessault,Tyler Motte
Jonathan Quick,Stefan Noesen
Jonathan Toews C,Tomas Hyka
Jonathon Merrill,Ryan Strome
Jonny Brodzinski,Sean Kuraly
Joona Luoto,Anthony Cirelli
Joonas Donskoi,Ryan Donato
Joonas Korpisalo,Michael Del Zotto
Jordan Binnington,Ben Street
Jordan Eberle,Cody Goloubef
Jordan Greenway,Jack Roslovic
Jordan Kyrou,Nikita Zadorov
Jordan Martinook,Leo Komarov
Jordan Nolan,Fredrik Claesson
Jordan Oesterle,Eeli Tolvanen
Jordan Schmaltz,Oliver EkmanLarsson
Jordan Staal,Rocco Grimaldi
Jordan Staal C,Dylan Sikura
Jordan Weal,Samuel Morin
Jordie Benn,Scott Mayfield
Jori Lehtera,Cal Clutterbuck
Joseph Blandisi,Kyle Okposo
Joseph Gambardella,Nicholas Caamano
Joseph Morrow,Jason Garrison
Josh Anderson,Brendan Smith
Josh Archibald,PierreLuc Dubois
Josh Bailey,Patrick Nemeth
Josh Brown,Brayden McNabb
Josh Currie,Ilya Samsonov
Josh Leivo,Luke Johnson
Josh Mahura,Matt Niskanen
Josh Manson,Brad Richardson
Josh Morrissey,Teddy Blueger
Josh Teves,Joel Hanley
Joshua HoSang,Johnny Gaudreau
Joshua Jacobs,J. Marchessault
Juho Lammikko,Henrik Borgstrom
Jujhar Khaira,Nikita Gusev
Julien Gauthier,Zack Smith
Julius Honka,Radek Faksa
Justin Abdelkader,Nolan Patrick
Justin Bailey,Adin Hill
Justin Braun,Antti Suomela
Justin Dowling,Johnny Boychuk
Justin Falk,Cody Glass
Justin Faulk,Milan Lucic
Justin Holl,Oliver Wahlstrom
Justin Kloos,Jeff Petry
Justin Schultz,Tyler Bozak
Justin Williams C,John Marino
Juuse Saros,Alan Quine
Juuso Riikola,Ross Johnston
Juuso Valimaki,Dan Girardi
Kaapo Kahkonen,Calvin Petersen
Kaapo Kakko,Gerald Mayhew
Kaden Fulcher,Dillon Dube
Kailer Yamamoto,Carsen Twarynski
Kalle Kossila,Niklas Kronwall
Karl Alzner,Eric Fehr
Karson Kuhlman,Conor Timmins
Kasperi Kapanen,Alexandar Georgiev
Keith Kinkaid,Filip Chlapik
Keith Yandle,Tucker Poolman
Kenny Agostino,Drew Doughty
Kerby Rychel,Brendan Leipsic
Kevan Miller,Zachary AstonReese
Kevin Boyle,Vladislav Gavrikov
Kevin Connauton,Zach Sanford
Kevin Fiala,Valeri Nichushkin
Kevin Gravel,Tuukka Rask
Kevin Hayes,Carl Dahlstrom
Kevin Labanc,Roberto Luongo
Kevin Rooney,Olli Maatta
Kevin Roy,Thomas Greiss
Kevin Shattenkirk,Nikita Zaitsev
Kevin Stenlund,Jordan Oesterle
Kiefer Sherwood,Chad Johnson
Kirby Dach,Kyle Palmieri
Kole Sherwood,Ryan Lindgren
Korbinian Holzer,Matthew Peca
Kris Letang,Patrick Kane
Kris Russell,Michal Kempny
Kristian Vesalainen,Matt Duchene
Kurtis Gabriel,Derek Grant
Kurtis MacDermid,Alex Lyon
Kyle Brodziak,Ivan Provorov
Kyle Capobianco,Nate Schmidt
Kyle Clifford,Marko Dano
Kyle Connor,Victor Olofsson
Kyle Okposo,Viktor Arvidsson
Kyle Palmieri,Evgeny Svechnikov
Kyle Rau,Jason Zucker
Kyle Turris,Nate Prosser
Landon Bow,Morgan Frost
Lars Eller,Chad Ruhwedel
Laurent Brossoit,Jordan Eberle
Laurent Dauphin,Ryan Graves
Lawrence Pilut,Brendan Perlini
Lawson Crouse,Brett Ritchie
Lee Stempniak,Calle Rosen
Leo Komarov,Dennis Seidenberg
Leon Draisaitl,Clark Bishop
Lias Andersson,Jonny Brodzinski
Libor Hajek,James van Riemsdyk
Libor Sulak,Joel Armia
Linus Ullmark,Ryan Hartman
Logan Brown,Isac Lundestrom
Logan Couture,Artturi Lehkonen
Logan Couture C,Joel Edmundson
Logan OConnor,Taro Hirose
Logan Shaw,Dan Hamhuis
Loui Eriksson,Dion Phaneuf
Louie Belpedio,Jujhar Khaira
Louis Domingue,Jordie Benn
Luca Sbisa,Samuel Blais
Lucas Wallmark,Jayce Hawryluk
Lukas Radil,Brock Boeser
Lukas Sedlak,Ryan Dzingel
Luke Glendening,Derrick Pouliot
Luke Johnson,Mark Jankowski
Luke Kunin,Mark Giordano
Luke Schenn,Pheonix Copley
Luke Witkowski,Blake Pietila
Mackenzie Blackwood,Bo Horvat
Mackenzie MacEachern,Jared Spurgeon
MacKenzie Weegar,Linus Ullmark
Madison Bowey,Mackenzie MacEachern
Magnus Paajarvi,Travis Dermott
Malcolm Subban,Corey Perry
Marc Methot,Laurent Brossoit
Marc Staal,Dmitrij Jaskin
MarcAndre Fleury,Markus Hannikainen
MarcEdouard Vlasic,Jakob Lilja
Marco Scandella,Valtteri Filppula
Marcus Foligno,Brandon Montour
Marcus Hogberg,Thatcher Demko
Marcus Johansson,Alec Martinez
Marcus Kruger,Ilya Lyubushkin
Marcus Pettersson,Pekka Rinne
Marcus Sorensen,Carl Hagelin
Mario Ferraro,Gabriel Landeskog
Mario Kempe,Josh Morrissey
Mark Alt,Aleksi Saarela
Mark Barberio,Nick Paul
Mark Borowiecki,Michael Frolik
Mark Friedman,Noah Dobson
Mark Giordano C,Erik Gustafsson
Mark Jankowski,Alexander Wennberg
Mark Letestu,Cody Eakin
Mark Pysyk,Louis Domingue
Mark Scheifele,Eric Comrie
Mark Stone,Joel Farabee
Marko Daxc5x88o,Jakub Vrana
Markus Granlund,John Gilmour
Markus Hannikainen,Matt Hendricks
Markus Nutivaara,Rourke Chartier
Martin Frk,Maxim Mamin
Martin Hanzal,Charlie McAvoy
Martin Jones,Michael Amadio
Martin Marincin,Robert Hagg
Martin Necas,Anders Nilsson
Mason Appleton,Maxime Lagace
Mathew Barzal,Rasmus Andersson
Mathew Dumba,Austin Watson
Mathieu Joseph,Vinni Lettieri
Mathieu Perreault,Cory Conacher
Mats Zuccarello,Phillip Danault
Matt Bartkowski,Brendan Guhle
Matt Beleskey,Josh Anderson
Matt Benning,Ryan Johansen
Matt Calvert,Alexander Edler
Matt Cullen,Thomas Hickey
Matt Donovan,Jesper Boqvist
Matt Duchene,Marco Scandella
Matt Grzelcyk,Urho Vaakanainen
Matt Hendricks,Valentin Zykov
Matt Hunwick,Adam Werner
Matt Irwin,Marcus Pettersson
Matt Luff,Ryan OReilly
Matt Martin,Radko Gudas
Matt Murray,Nick Ritchie
Matt Nieto,Nikolai Prokhorkin
Matt Niskanen,Saku Maenalanen
Matt Puempel,Sheldon Dries
Matt Read,Eric Gryba
Matt Roy,Carl Soderberg
Matt Tennyson,Tyson Jost
Matthew Highmore,Patrice Bergeron
Matthew Nieto,Aaron Ekblad
Matthew Peca,Jacob Markstrom
Matthew Tkachuk,Cam Atkinson
Mattias Ekholm,Jayson Megna
Mattias Janmark,Evander Kane
Max Comtois,Nick Leddy
Max Domi,Dylan Demelo
Max Jones,Devan Dubnyk
Max Lajoie,Quinn Hughes
Max McCormick,Kirby Dach
Max Pacioretty,Robert Bortuzzo
Max Veronneau,Keith Yandle
Maxim Mamin,Jonathan Bernier
Maxime Comtois,Brian Gibbons
Maxime Lagace,Brandon Saad
Maxime Lajoie,Nicolas Deslauriers
Melker Karlsson,David Krejci
Michael Amadio,Lukas Radil
Michael Bunting,Victor Hedman
Michael Chaput,Dominik Simon
Michael Dal Colle,David Gustafsson
Michael Del Zotto,Joonas Korpisalo
Michael Dipietro,Jamie McGinn
Michael Frolik,Jaccob Slavin
Michael Grabner,Rudolfs Balcers
Michael Hutchinson,Jake Virtanen
Michael Matheson,Andrej Sekera
Michael McLeod,Maxime Comtois
Michael Raffl,John Tavares
Michael Rasmussen,Garret Sparks
Michael Stone,Jake Bischoff
Michal Kempny,Micheal Haley
Michal Neuvirth,MarcEdouard Vlasic
Micheal Ferland,Cole Bardreau
Micheal Haley,Philip Varone
Miikka Salomaki,Josh HoSang
Mika Zibanejad,Anthony Duclair
Mikael Backlund,Jack Hughes
Mikael Granlund,Dmitry Kulikov
Mike Condon,Ryan Poehling
Mike Green,Sami Vatanen
Mike Hoffman,Jakob Chychrun
Mike Matheson,Mark Scheifele
Mike McKenna,Miles Wood
Mike Reilly,Christian Folin
Mike Smith,Mika Zibanejad
Mikhail Sergachev,Dylan Strome
Mikhail Vorobyev,Ryan Suter
Mikkel Boedker,Ilya Mikheyev
Mikko Koivu C,Tim Gettinger
Mikko Koskinen,Ty Rattie
Mikko Rantanen,Zdeno Chara
Milan Lucic,Esa Lindell
Miles Wood,Carter Hutton
Mirco Mueller,Anders Lee
Miro Heiskanen,Brock McGinn
Mitch Marner,Christian Jaros
Mitchell Marner,Phillip Di Giuseppe
Mitchell Stephens,Matthew Puempel
Morgan Frost,Vincent Hinostroza
Morgan Rielly,Jason Spezza
Nate Prosser,Michael Raffl
Nate Schmidt,Mathieu Joseph
Nate Thompson,Frederik Gauthier
Nathan Bastian,Philipp Grubauer
Nathan Beaulieu,Andrew MacDonald
Nathan MacKinnon,Louie Belpedio
Nathan Walker,Taylor Hall
Nazem Kadri,Bryan Rust
Neal Pionk,Tomas Hertl
Nelson Nogier,Scott Laughton
Nic Dowd,Antoine Roussel
Nic Petan,Braden Holtby
Nicholas Paul,Michael Dal Colle
Nicholas Suzuki,Matt Martin
Nick Bjugstad,Dante Fabbro
Nick Bonino,Julius Honka
Nick Cousins,Justin Williams
Nick Foligno C,Colton Parayko
Nick Holden,Brayden Schenn
Nick Jensen,Duncan Keith
Nick Lappin,Victor Mete
Nick Leddy,Victor Rask
Nick Paul,Matthew Highmore
Nick Ritchie,Sam Carrick
Nick Schmaltz,Noah Gregor
Nick Seeler,Loui Eriksson
Nick Shore,Matt Irwin
Nicklas Backstrom,Sidney Crosby
Nico Hischier,Martin Frk
Nico Sturm,Noel Acciari
Nicolas AubeKubel,Colton Sceviour
Nicolas Deslauriers,Mike Matheson
Nicolas Hague,Kevin Hayes
Nicolas Roy,Kaapo Kahkonen
Nikita Gusev,Erik Cernak
Nikita Kucherov,Seth Jones
Nikita Scherbak,Tyson Barrie
Nikita Soshnikov,Kevin Stenlund
Nikita Zadorov,Andrew Agozzino
Nikita Zaitsev,Patrick Eaves
Niklas Hjalmarsson,Nikita Kucherov
Niklas Kronwall,Anthony Beauvillier
Nikolai Prokhorkin,Christopher Wagner
Nikolaj Ehlers,Denis Malgin
Nikolay Goldobin,Nick Schmaltz
Nino Niederreiter,Roman Polak
Noah Dobson,Max McCormick
Noah Gregor,Corey Crawford
Noah Hanifin,Neal Pionk
Noah Juulsen,Robert Thomas
Noel Acciari,Dylan Larkin
Nolan Patrick,Markus Nutivaara
Oliver Bjorkstrand,Nicolas Hague
Oliver EkmanLarsson C,Alex Galchenyuk
Oliver Kylington,Steven Fogarty
Olli Maatta,Phil Kessel
Ondrej Kase,Ivan Barbashev
Ondrej Palat,Drew Stafford
Oscar Fantenberg,Oscar Dansk
Oscar Klefbom,Julien Gauthier
Oscar Lindberg,Tom Wilson
Oskar Lindblom,Jake DeBrusk
Oskar Sundqvist,Mike Hoffman
Otto Leskinen,Otto Koivula
P.K. Subban,Gavin Bayreuther
Par Lindholm,Ryan Kesler
Pat Maroon,P.K. Subban
Patric Hornqvist,Aleksander Barkov
Patrice Bergeron,Cam Talbot
Patrick Eaves,Jeff Carter
Patrick Kane,Adam Fox
Patrick Marleau,David Backes
Patrick Russell,Brian Elliott
Patrik Berglund,Nic Petan
Patrik Laine,David Rittich
Patrik Nemeth,Matt Cullen
Paul Byron,Derek Stepan
Paul Carey,J.T. Compher
Paul LaDue,Matt Luff
Paul Stastny,Conor Garland
Pavel Buchnevich,Nathan MacKinnon
Pavel Francouz,Ian Cole
Pavel Zacha,Jimmy Vesey
Pekka Rinne,Petr Mrazek
Peter Budaj,Jordan Kyrou
Peter Cehlarik,Nino Niederreiter
Petr Mrazek,David Perron
Pheonix Copley,Taylor Fedun
Phil Kessel,Cody McLeod
Phil Varone,Scott Darling
Philipp Grubauer,Jimmy Schuldt
Philippe Myers,Miro Heiskanen
Phillip Danault,Martin Marincin
Phillip Di Giuseppe,Karl Alzner
Pierre Engvall,Alexander Radulov
PierreEdouard Bellemare,Travis Sanheim
PierreLuc Dubois,Sergei Bobrovsky
Pontus Aberg,Alexander Steen
Quinn Hughes,Mark Barberio
Radek Faksa,Ben Chiarot
Radim Simek,Joe Thornton
Radko Gudas,Tyler Pitlick
Rasmus Andersson,Evgeni Malkin
Rasmus Asplund,Tyler Johnson
Rasmus Dahlin,Blake Lizotte
Rasmus Ristolainen,Joshua Brown
Reid Boucher,Mario Ferraro
Reilly Smith,Pavel Francouz
Rem Pitlick,Mike Reilly
Remi Elie,Greg McKegg
Richard Bachman,Frederick Gaudreau
Richard Panik,Tanner Fritz
Rickard Rakell,Andrew Copp
Riley Barber,Alex Chiasson
Riley Nash,Matt Benning
Riley Sheahan,Yannick Weber
Riley Stillman,Ben Harpur
Robby Fabbri,Andreas Martinsen
Robert Bortuzzo,Justin Bailey
Robert Hagg,Josh Currie
Robert Thomas,Antti Raanta
Roberto Luongo,Alexander Kerfoot
Robin Lehner,Mike Green
Rocco Grimaldi,Danil Yurtaykin
Roman Josi C,Justin Schultz
Roman Polak,Ryan Miller
Ron Hainsey,Scott Harrington
Roope Hintz,Andrew Mangiapane
Ross Johnston,Brent Seabrook
Rourke Chartier,Juho Lammikko
Rudolfs Balcers,Eric Tangradi
Ryan Callahan,Dennis Gilbert
Ryan Carpenter,Gustav Olofsson
Ryan Donato,Andrei Svechnikov
Ryan Dzingel,Josh Bailey
Ryan Ellis,Craig Smith
Ryan Getzlaf C,Filip Zadina
Ryan Graves,Jack Eichel
Ryan Hartman,Anthony Mantha
Ryan Johansen,Nicolas Roy
Ryan Kesler,Casey DeSmith
Ryan Kuffner,Max Domi
Ryan Lindgren,Noah Hanifin
Ryan Lomberg,Jon Merrill
Ryan McDonagh,Vladislav Kamenev
Ryan Miller,Mitchell Stephens
Ryan Murphy,Jonas Siegenthaler
Ryan Murray,Nick Foligno
Ryan NugentHopkins,Auston Matthews
Ryan OReilly,Jay Beagle
Ryan Poehling,Carl Grundstrom
Ryan Pulock,Luke Schenn
Ryan Reaves,Martin Jones
Ryan Spooner,Chris Kunitz
Ryan Strome,Melker Karlsson
Ryan Suter,Xavier Ouellet
Saku Maenalanen,Conor Sheary
Sam Bennett,Colin White
Sam Carrick,Haydn Fleury
Sam Gagner,Justin Holl
Sam Lafferty,Josh Mahura
Sam Montembeault,Oskar Lindblom
Sam Reinhart,Anze Kopitar
Sam Steel,Zack Kassian
Sami Niku,Vince Dunn
Sami Vatanen,Alex Biega
Sammy Blais,Marcus Hogberg
Samuel Girard,Cooper Marody
Samuel Morin,Max Vronneau
Scott Darling,David Kase
Scott Harrington,Mikko Rantanen
Scott Laughton,Cale Makar
Scott Mayfield,Boo Nieves
Scott Wilson,Adrian Kempe
Sean Couturier,Zachary Werenski
Sean Kuraly,Jori Lehtera
Sean Monahan,Semyon Varlamov
Sean Walker,Brendan Gaunce
Sebastian Aho,Jamie Benn
Semyon Varlamov,Mikael Granlund
Sergei Bobrovsky,Brian Boyle
Seth Jones,Chris Stewart
Shayne Gostisbehere,Joakim Nygard
Shea Theodore,Adam Larsson
Shea Weber C,Adam Erne
Sheldon Dries,Mirco Mueller
Sheldon Rempal,Christoffer Ehn
Sidney Crosby C,Gemel Smith
Slater Koekkoek,Mark Borowiecki
Sonny Milano,Gaetan Haas
Stefan Elliott,Morgan Rielly
Stefan Noesen,MarcAndre Fleury
Stephen Gionta,Kyle Brodziak
Steven Fogarty,Igor Ozhiganov
Steven Kampfer,Stefan Elliott
Steven Santini,Darren Archibald
Steven Stamkos C,Cedric Paquette
Sven Andrighetto,Dale Weise
Sven Baertschi,Ben Lovejoy
T.J. Brodie,Joel LEsperance
T.J. Oshie,Dominic Turgeon
Tage Thompson,Colin Miller
Tanner Fritz,Brett Kulak
Tanner Pearson,Carter Hart
Taro Hirose,Marc Staal
Taylor Fedun,Josh Leivo
Taylor Hall,Damon Severson
Teddy Blueger,Libor Sulak
Teuvo Teravainen,Logan Couture
Thatcher Demko,Jordan Weal
Thomas Chabot,Jonathan Davidsson
Thomas Greiss,Troy Brouwer
Thomas Hickey,Erik Haula
Thomas Vanek,Mario Kempe
Tim Heed,Dougie Hamilton
Tim Schaller,Jack Studnicka
Timo Meier,Wade Megan
Timothy Gettinger,Mason Appleton
Tobias Rieder,Elias Pettersson
Tom Kuhnhackl,Warren Foegele
Tom Pyatt,Calvin Pickard
Tom Wilson,Kyle Connor
Tomas Hertl,Vladimir Sobotka
Tomas Hyka,Thomas Vanek
Tomas Nosek,Christian Dvorak
Tomas Plekanec,Casey Mittelstadt
Tomas Tatar,John Carlson
Torey Krug,Alex Tuch
Travis Boyd,Michael Ferland
Travis Dermott,Scott Sabourin
Travis Hamonic,Nikita Scherbak
Travis Konecny,Patrick Brown
Travis Sanheim,T.J. Oshie
Travis Zajac,Johan Larsson
Trent Frederic,Brandon Pirri
Trevor Carrick,Givani Smith
Trevor Daley,J. Forsbacka Karlss...
Trevor Lewis,Jalen Chatfield
Trevor Moore,Patrick Russell
Trevor van Riemsdyk,Curtis Lazar
Tristan Jarry,Braydon Coburn
Troy Brouwer,Ryan Callahan
Troy Stecher,Mike McKenna
Troy Terry,Anthony Richard
Tucker Poolman,Sam Lafferty
Tuukka Rask,Justin Dowling
Ty Rattie,Ben Bishop
Tyler Bertuzzi,Josh Brown
Tyler Bozak,Lukas Sedlak
Tyler Ennis,Joel Persson
Tyler Johnson,Christian Djoos
Tyler Lewington,Jacob Trouba
Tyler Motte,Anton Wedin
Tyler Myers,Matt Grzelcyk
Tyler Pitlick,Yanni Gourde
Tyler Seguin,Adam Pelech
Tyler Toffoli,Michael Stone
Tyrell Goulbourne,Jesse Puljujarvi
Tyson Barrie,Brady Tkachuk
Tyson Jost,Kyle Clifford
Urho Vaakanainen,Matthew Tkachuk
Valentin Zykov,Aaron Ness
Valeri Nichushkin,P. Bellemare
Valtteri Filppula,Sean Monahan
Victor Hedman,Jason Pominville
Victor Mete,Mathieu Olivier
Victor Olofsson,Zach Trotman
Victor Rask,Mats Zuccarello
Viktor Arvidsson,Tyler Lewington
Vince Dunn,Jake Allen
Vincent Trocheck,Elvis Merzlikins
Vinni Lettieri,
Vinnie Hinostroza,
Vitaly Abramov,
Vladimir Sobotka,
Vladimir Tarasenko,
Vladislav Gavrikov,
Vladislav Kamenev,
Vladislav Namestnikov,
Wade Megan,
Warren Foegele,
Wayne Simmonds,
Will Butcher,
William Borgen,
William Carrier,
William Karlsson,
William Nylander,
Xavier Ouellet,
Yakov Trenin,
Yanni Gourde,
Yannick Weber,
Zac Dalpe,
Zac Rinaldo,
Zach AstonReese,
Zach Bogosian,
Zach Hyman,
Zach Parise,
Zach Sanford,
Zach Trotman,
Zach Werenski,
Zachary AstonReese,
Zachary Senyshyn,
Zack Kassian,
Zack MacEwen,
Zack Smith,
Zdeno Chara C,
Zemgus Girgensons,
