NBA Reference,NBA FB
Aaron Brooks,K. CaldwellPope
Aaron Harrison,Goran Dragic
Aaron Jackson,Rudy Gobert
Adreian Payne,Terrence Jones
Al Jefferson,Aaron Gordon
Alan Williams,Jamal Crawford
Alec Peters,DeAndre Jordan
Andre Roberson,PJ Tucker
Andrew White,Amir Johnson
Angel Delgado,Chimezie Metu
Anthony Brown,Deng Adel
Antonius Cleveland,Iman Shumpert
Arron Afflalo,Alize Johnson
Ben Moore,CJ Miles
Bobby Brown,Jahlil Okafor
Brandan Wright,Wesley Johnson
Brandon Jennings,Issac Humphries
Brandon Paul,Caris LeVert
Briante Weber,Greg Monroe
Brice Johnson,JaVale McGee
Bruno Fernando,Ivan Rabb
Cameron Johnson,Elie Okobo
Carsen Edwards,John Collins
Charles Cooke,Jon Leuer
Chinanu Onuaku,Semi Ojeleye
Chris McCullough,Al Horford
Cody Martin,Jaylen Brown
Cole Aldrich,Lorenzo Brown
D.J. Stephens,Raul Neto
Dakari Johnson,Jamal Murray
Damien Wilkins,Jeremy Lamb
Daniel Gafford,Andre Ingram
Darrell Arthur,John Henson
Darrun Hilliard,M. Richardson
David Stockton,Dwyane Wade
Davon Reed,S. Mykhailiuk
DeAndre Liggins,Goga Bitadze
Denzel Valentine,Marcus Morris
Derrick Walton,Elfrid Payton
Derrick Williams,CJ McCollum
DeVaughn AkoonPurcell,Rui Hachimura
Donatas Motiejunas,Jemerrio Jones
Donte Grantham,Anthony Tolliver
Dusty Hannahs,Julius Randle
Dwight Buycks,Terrence Ross
Dzanan Musa,Damyean Dotson
Emeka Okafor,Justin Robinson
Eric Moreland,Dewayne Dedmon
Erik McCree,Tyson Chandler
Gary Payton,Zach Collins
Gary Trent Jr.,J.R. Smith
George King,Cedi Osman
Georgios Papagiannis,Isaac Bonga
Gian Clavell,RJ Hunter
Glenn Robinson III,Khyri Thomas
Grant Williams,Wayne Ellington
Haywood Highsmith,Jordan McRae
Ike Anigbogu,Kevin Huerter
Isaiah Hicks,G. Yabusele
Isaiah Taylor,Thabo Sefolosha
Isaiah Whitehead,Jonathon Simmons
J.P. Macura,James Harden
Jabari Bird,Tim Hardaway Jr.
Jack Cooley,Danuel House
Jacob Pullen,Julian Washburn
Jacob Wiley,Paul George
Jalen McDaniels,Channing Frye
Jameel Warney,G. Antetokounmpo
Jameer Nelson,DeAnthony Melton
Jamel Artis,Lonnie Walker
James Michael McAdoo,Omari Spellman
James Webb,Shaq Harrison
Jamil Wilson,Wesley Matthews
Jarell Eddie,Mike Muscala
Jaren Jackson Jr.,Kyrie Irving
Jarrell Brantley,M. CarterWilliams
Jarrett Jack,TJ Leaf
Jason Terry,Rajon Rondo
Javonte Green,Thomas Bryant
Jaylen Morris,Harrison Barnes
Jeff Withey,PJ Washington
Jeremy Evans,Jake Layman
Joe Chealey,D. FinneySmith
Joe Young,Ryan Arcidiacono
Joel Bolomboy,Derrick White
Joffrey Lauvergne,Larry Nance Jr.
John Holland,Brandon Clarke
Johnathan Williams,Ray Spalding
Johnny OBryant,Paul Millsap
Jonathan Gibson,Kawhi Leonard
Jordan Crawford,Kyle Kuzma
Jordan Mickey,TJ McConnell
Jordan Sibert,Dwayne Bacon
Josh Gray,Rawle Alkins
Josh Huestis,Robert Williams
Josh Magette,Ish Smith
Josh McRoberts,Tim Frazier
Josh Smith,Wes Iwundu
Julyan Stone,Luc Mbah a Moute
Justin James,Kevin Love
Kalin Lucas,Tobias Harris
KarlAnthony Towns,Shelvin Mack
Kay Felder,Ben Simmons
Kelly Oubre Jr.,Dwight Powell
Kendrick Perkins,David West
Kevin Porter Jr.,Danny Green
Kristaps Porzingis,Chandler Parsons
Kyle Collinsworth,Tony Parker
Kyle Singler,Frank Kaminsky
KZ Okpala,Maxi Kleber
Larry Drew,David Nwaba
London Perrantes,Malik Beasley
Lucas Nogueira,Eric Bledsoe
Luis Montero,Jayson Tatum
Luke Babbitt,Marquese Chriss
Malcolm Delaney,Jacob Evans
Mangok Mathiang,Gordon Hayward
Manu Ginxc3xb3bili,Anfernee Simons
Marcus GeorgesHunt,Derrick Jones Jr.
Marcus Paige,Andre Iguodala
Mario Chalmers,S. GilgeousAlexander
Markel Brown,Wayne Selden
Marquis Teague,Shabazz Napier
Marreese Speights,Nick Young
Marshall Plumlee,Derrick Favors
Marvin Bagley III,Keita BatesDiop
Matisse Thybulle,Tristan Thompson
Matt Costello,Brandon Ingram
Matt Thomas,Pau Gasol
Matt Williams,Troy Daniels
Mfiondu Kabengele,Kobi Simmons
Mike James,Donovan Mitchell
Milton Doyle,Dragan Bender
Mindaugas Kuzminskas,R. HollisJefferson
Mirza Teletovic,C. Hutchison
Myke Henry,Kyle Anderson
Nassir Little,Darius Miller
Nate Wolters,Damian Jones
Naz MitrouLong,Coby White
Nene Hilario,Montrezl Harrell
Nick Collison,Cody Zeller
Nickeil AlexanderWalker,Ryan Anderson
Nicolas Brussino,Dairis Bertans
Nicolxc3xb2 Melli,ETwaun Moore
Nigel Hayes,Wendell Carter
Nigel WilliamsGoss,Aaron Holiday
Okaro White,Billy Garrett
Omari Johnson,DeMar DeRozan
Paul Zipser,Dirk Nowitzki
Ramon Sessions,I. Hartenstein
Rashad Vaughn,Austin Rivers
Reggie Hearn,Bonzie Colson
Richard Jefferson,Jared Terrell
RJ Barrett,Jerome Robinson
Rodney Purvis,Bryn Forbes
Scotty Hopson,OG Anunoby
Sean Kilpatrick,Fred VanVleet
Shabazz Muhammad,Deyonta Davis
Shane Larkin,Brandon Goodwin
Stanton Kidd,Damian Lillard
Tahjere McCall,Alfonzo McKinnie
Tarik Black,Bojan Bogdanovic
Thomas Welsh,Marcus Smart
Tim Quarterman,Myles Turner
Timofey Mozgov,Isaiah Canaan
Tony Allen,Kevin Knox
Travis Wear,Darius Bazley
Trevon Duval,Johnathan Motley
Trevor Booker,Gary Clark
Trey McKinneyJones,DeMarre Carroll
Troy Caupain,Robin Lopez
Tyler Cavanaugh,Miles Plumlee
Tyler Ennis,Nikola Jokic
Vander Blue,Tyus Jones
Vince Hunter,Cameron Reynolds
Vincent Poirier,Mitch Creek
Wendell Carter Jr.,Spencer Dinwiddie
Willie Reed,Jabari Parker
Willy Hernangomez,Stanley Johnson
Xavier Munford,Kelly Olynyk
Xavier RathanMayes,Tyrone Wallace
Xavier Silas,Kenrich Williams
xc3x96mer Axc5x9fxc4xb1k,Gary Trent
Yante Maten,Georges Niang
Zach Lofton,Blake Griffin
Zach Randolph,Carmelo Anthony
Zhou Qi,W. CauleyStein
Omari Johnson,Lauri Markkanen
Paul Zipser,Devin Harris
PJ Washington,Jaren Jackson
Ramon Sessions,Yuta Watanabe
Rashad Vaughn,Bam Adebayo
Reggie Hearn,Jeff Teague
Richard Jefferson,Daniel Hamilton
RJ Barrett,Jerryd Bayless
Rodney Purvis,AlFarouq Aminu
Romeo Langford,Jimmer Fredette
Rui Hachimura,Grayson Allen
Scotty Hopson,G. Hernangomez
Sean Kilpatrick,Salah Mejri
Sekou Doumbouya,Mario Hezonja
Shabazz Muhammad,Jusuf Nurkic
Shane Larkin,Gerald Green
Stanton Kidd,Reggie Jackson
Tahjere McCall,James Johnson
Talen HortonTucker,Andre Drummond
Tarik Black,Marc Gasol
Taurean Prince,Steven Adams
Terance Mann,Klay Thompson
Terence Davis,Donte DiVincenzo
Thanasis Antetokounmpo,Markelle Fultz
Thomas Welsh,Kevin Durant
Tim Hardaway Jr.,Malcolm Brogdon
Tim Quarterman,Milos Teodosic
Timofey Mozgov,Udonis Haslem
Tony Allen,Theo Pinson
Travis Wear,Melvin Frazier
Trevon Duval,Torrey Craig
Trevor Booker,Jalen Jones
Trey McKinneyJones,Seth Curry
Troy Brown Jr.,Nene
Troy Caupain,Patrick McCaw
Ty Jerome,Wilson Chandler
Tyler Cavanaugh,Josh Hart
Tyler Ennis,John Jenkins
Tyler Herro,Khris Middleton
Vander Blue,Patty Mills
Vince Hunter,Ian Clark
Vincent Poirier,Kadeem Allen
Vlatko xc4x8canxc4x8dar,Drew Eubanks
Wendell Carter Jr.,Zaza Pachulia
Willie Reed,Alex Abrines
Willy Hernangomez,Pat Connaughton
Xavier Munford,Devin Booker
Xavier RathanMayes,Darius Garland
Xavier Silas,Victor Oladipo
xc3x96mer Axc5x9fxc4xb1k,Emmanuel Mudiay
Yante Maten,K. Antetokounmpo
Zach Lofton,Derrick Rose
Zach Randolph,Joel Embiid
Zhou Qi,Dennis Smith Jr.
Zion Williamson,Justin Anderson
,Jarred Vanderbilt
,Jonas Valanciunas
,Jawun Evans
,Patrick Beverley
,Alex Poythress
,Brandon Sampson
,Davis Bertans
,Zach LaVine
,Danilo Gallinari
,Draymond Green
,Marko Guduric
,Aron Baynes
,Enes Kanter
,Treveon Graham
,Vince Carter
,Caleb Martin
,Jerian Grant
,Kelly Oubre
,Dejounte Murray
,Rodney Hood
,Delon Wright
,Shaun Livingston
,Marcin Gortat
,Tyler Ulis
,Eric Gordon
,Deonte Burton
,Bradley Beal
,M. KiddGilchrist
,Monte Morris
,Meyers Leonard
,Wade Baldwin
,Norman Powell
,DeMarcus Cousins
,Jarell Martin
,Frank Mason
,Pascal Siakam
,Mason Plumlee
,Khem Birch
,Patrick Patterson
,Jae Crowder
,Rudy Gay
,Brandon Knight
,Gary Harris
,Lonzo Ball
,Dillon Brooks
,Chris Silva
,James Nunnally
,Nerlens Noel
,B.J. Johnson
,Kris Dunn
,C.J. Williams
,Harry Giles
,Bogdan Bogdanovic
,George Hill
,Eric Paschall
,Justise Winslow
,Solomon Hill
,Alex Len
,Ivica Zubac
,Brook Lopez
,Darren Collison
,JaKarr Sampson
,J. Williams
,MarShon Brooks
,Andrew Harrison
,Boban Marjanovic
,Jeremy Lin
,Markieff Morris
,Dennis Schroder
,Ja Morant
,Dion Waiters
,Tyler Lydon
,Josh Richardson
,S. Thornwell
,R.J. Barrett
,Kosta Koufos
,Devonte Graham
,Jonathan Isaac
,Nemanja Bjelica
,Joe Ingles
,Avery Bradley
,John Wall
,James Ennis
,Noah Vonleh
,Bruno Caboclo
,Scott Machado
,Hassan Whiteside
,Kyle Lowry
,Joe Johnson
,Tyler Herro
,Furkan Korkmaz
,Devin Robinson
,Kenneth Faried
,Jeff Green
,Jaron Blossomgame
,Henry Ellenson
,Evan Turner
,D.J. Augustin
,Jonah Bolden
,K. Porzingis
,Reggie Bullock
,Tyler Dorsey
,Clint Capela
,Jason Smith
,Kyle OQuinn
,Hamidou Diallo
,Taurean Prince
,LeBron James
,Yogi Ferrell
,DeAndre Hunter
,Nik Stauskas
,Kyle Korver
,Tomas Satoransky
,Jonas Jerebko
,TJ Warren
,Chris Chiozza
,Admiral Schofield
,Thaddeus Young
,K. Towns
,Tony Bradley
,Jarrett Culver
,Isaiah Briscoe
,Langston Galloway
,Tony Snell
,Robert Covington
,Trey Lyles
,Mike Scott
,Jevon Carter
,Abdel Nader
,Joakim Noah
,Russell Westbrook
,Raymond Felton
,Malcolm Miller
,Ekpe Udoh
,Tyler Zeller
,Jose Calderon
,Jose Juan Barea
,Landry Shamet
,Quincy Acy
,Bismack Biyombo
,Mike Conley
,Mitchell Robinson
,Ricky Rubio
,Troy Brown
,Duncan Robinson
,Skal Labissiere
,Jimmy Butler
,Andrew Wiggins
,Richaun Holmes
,Jordan Clarkson
,Ersan Ilyasova
,Jarrett Allen
,Ed Davis
,Christian Wood
,Stephen Curry
,Josh Jackson
,Terance Mann
,Deandre Ayton
,Terry Rozier
,Dario Saric
,Luke Kornet
,Tyreke Evans
,Lou Williams
,Chasson Randle
,Rodions Kurucs
,Otto Porter
,JaMychal Green
,Trey Burke
,Andrew Bogut
,Trae Young
,Trevor Ariza
,Omri Casspi
,Gorgui Dieng
,Josh Okogie
,Nicolas Batum
,Sam Dekker
,Daryl Macon
,Amile Jefferson
,Buddy Hield
,Marvin Williams
,Bobby Portis
,Courtney Lee
,Luke Kennard
,Quinn Cook
,Evan Fournier
,Demetrius Jackson
,Jordan Loyd
,Daniel Theis
,Quincy Pondexter
,Isaiah Thomas
,Bradley Wanamaker
,Thon Maker
,Damion Lee
,Moritz Wagner
,Kemba Walker
,Maurice Harkless
,Nicolo Melli
,Lance Thomas
,Rodney McGruder
,Sterling Brown
,DeAaron Fox
,PJ Dozier
,Glenn Robinson
,Domantas Sabonis
,Jalen Brunson
,N. AlexanderWalker
,Justin Jackson
,Jordan Bell
,Michael Beasley
,Timothe Luwawu
,Chris Paul
,Lance Stephenson
,Tyler Johnson
,Jaylen Adams
,Marcus Derrickson
,Anthony Davis
,Miles Bridges
,Ben McLemore
,Nikola Vucevic
,Ian Mahinmi
,Allen Crabbe
,DAngelo Russell
,Troy Williams
,Cory Joseph
,D.J. Wilson
,Zhaire Smith
,Serge Ibaka
,Jrue Holiday
,Cameron Payne
,Shake Milton
,Marco Belinelli
,Collin Sexton
,Doug McDermott
,Nikola Mirotic
,Antonio Blakeney
,Justin Holiday
,Will Barton
,Cam Reddish
,Garrett Temple
,Alec Burks
,Jerami Grant
,Ron Baker
,Jodie Meeks
,Cristiano Felicio
,Taj Gibson
,LaMarcus Aldridge
,Kevon Looney
,Emanuel Terry
,Jared Dudley
,Terrance Ferguson
,Terence Davis
,Kendrick Nunn
,Marvin Bagley
,M. Dellavedova
,Ryan Broekhoff
,JJ Redick
,Corey Brewer
,Walter Lemon Jr.
,Bruce Brown
,Edmond Sumner
,Cheick Diallo
,Caleb Swanigan
,Royce ONeale
,Kent Bazemore
,DeAndre Bembry
,Joe Harris
,Frank Jackson
,Dante Cunningham
,Allonzo Trier
,Luol Deng
,Jordan Poole
,Frank Ntilikina
,Jakob Poeltl
,Ante Zizic
,Mikal Bridges
,Malik Monk
,Mohamed Bamba
,Luka Doncic
,Juan Hernangomez
,Vincent Edwards
,Justin Patton
,Alex Caruso
,Dwight Howard
,Chris Boucher
,Dante Exum
